{"val_loss_fit": NaN, "_timestamp": 1685470311.1502862, "_runtime": 141.73589730262756, "_step": 74, "_wandb": {"runtime": 140}}