{"val_loss_fit": 0.134, "_timestamp": 1685546545.9296372, "_runtime": 126.4653091430664, "_step": 74, "_wandb": {"runtime": 125}}