{"val_loss_fit": 0.129, "_timestamp": 1685546985.351692, "_runtime": 147.25926089286804, "_step": 74, "_wandb": {"runtime": 145}}