{"val_loss_fit": 0.129, "_timestamp": 1685443368.553429, "_runtime": 142.65212178230286, "_step": 74, "_wandb": {"runtime": 141}}