{"val_loss_fit": 0.134, "_timestamp": 1685464211.2266629, "_runtime": 131.70476984977722, "_step": 74, "_wandb": {"runtime": 130}}