{"val_loss_fit": NaN, "_timestamp": 1685469867.4124858, "_runtime": 139.70277190208435, "_step": 74, "_wandb": {"runtime": 138}}