{"val_loss_fit": NaN, "_timestamp": 1685472502.2583182, "_runtime": 129.3976662158966, "_step": 74, "_wandb": {"runtime": 128}}