{"val_loss_fit": 0.412, "_timestamp": 1685463736.58908, "_runtime": 66.57364821434021, "_step": 74, "_wandb": {"runtime": 65}}