{"val_loss_fit": 0.133, "_timestamp": 1685443499.9820821, "_runtime": 126.53339219093323, "_step": 74, "_wandb": {"runtime": 125}}