{"val_loss_fit": 0.764, "_timestamp": 1685463803.451413, "_runtime": 31.932562828063965, "_step": 0, "_wandb": {"runtime": 30}}