{"val_loss_fit": 0.133, "_timestamp": 1685547567.7909288, "_runtime": 137.73235082626343, "_step": 74, "_wandb": {"runtime": 136}}