{"val_loss_fit": 0.153, "_timestamp": 1685441773.271395, "_runtime": 249.23214101791382, "_step": 127, "_wandb": {"runtime": 249}}