{"val_loss_fit": 0.13, "_timestamp": 1685464901.178058, "_runtime": 147.32820081710815, "_step": 74, "_wandb": {"runtime": 146}}