{"val_loss_fit": NaN, "_timestamp": 1685471047.47204, "_runtime": 145.7203290462494, "_step": 74, "_wandb": {"runtime": 144}}