{"val_loss_fit": 0.129, "_timestamp": 1685465192.870475, "_runtime": 143.78181314468384, "_step": 74, "_wandb": {"runtime": 142}}