{"val_loss_fit": 0.228, "_timestamp": 1685442037.878572, "_runtime": 84.8854250907898, "_step": 39, "_wandb": {"runtime": 84}}