{"val_loss_fit": 0.212, "_timestamp": 1685464738.2154071, "_runtime": 81.83829307556152, "_step": 37, "_wandb": {"runtime": 81}}