{"val_loss_fit": NaN, "_timestamp": 1685470011.6117609, "_runtime": 134.47367596626282, "_step": 74, "_wandb": {"runtime": 132}}