{"val_loss_fit": 0.419, "_timestamp": 1685463779.2166889, "_runtime": 84.18507075309753, "_step": 74, "_wandb": {"runtime": 82}}