{"val_loss_fit": 0.191, "_timestamp": 1685463721.543596, "_runtime": 126.37834000587463, "_step": 74, "_wandb": {"runtime": 125}}