{"val_loss_fit": 0.134, "_timestamp": 1685467057.051174, "_runtime": 128.8896129131317, "_step": 74, "_wandb": {"runtime": 127}}