{"val_loss_fit": 0.119, "_timestamp": 1685469193.441206, "_runtime": 143.83312606811523, "_step": 74, "_wandb": {"runtime": 142}}