{"val_loss_fit": 0.12, "_timestamp": 1685468851.392033, "_runtime": 144.32841610908508, "_step": 74, "_wandb": {"runtime": 143}}