{"val_loss_fit": 0.12, "_timestamp": 1685468225.956898, "_runtime": 157.61149787902832, "_step": 74, "_wandb": {"runtime": 156}}