{"val_loss_fit": 0.12, "_timestamp": 1685467253.585403, "_runtime": 191.35064792633057, "_step": 74, "_wandb": {"runtime": 189}}