{"val_loss_fit": 0.602, "_timestamp": 1685547618.040879, "_runtime": 41.65916609764099, "_step": 11, "_wandb": {"runtime": 40}}