{"val_loss_fit": 0.133, "_timestamp": 1685444231.2501628, "_runtime": 138.9568817615509, "_step": 74, "_wandb": {"runtime": 137}}