{"val_loss_fit": 0.134, "_timestamp": 1685465906.2757618, "_runtime": 137.59433794021606, "_step": 74, "_wandb": {"runtime": 136}}