{"val_loss_fit": 0.13, "_timestamp": 1685465612.44844, "_runtime": 138.1391990184784, "_step": 74, "_wandb": {"runtime": 135}}