{"val_loss_fit": 0.131, "_timestamp": 1685466921.658541, "_runtime": 140.989000082016, "_step": 74, "_wandb": {"runtime": 139}}