{"val_loss_fit": 0.134, "_timestamp": 1685466775.2816792, "_runtime": 127.65472412109375, "_step": 74, "_wandb": {"runtime": 126}}