{"val_loss_fit": NaN, "_timestamp": 1685472365.89837, "_runtime": 95.31079292297363, "_step": 74, "_wandb": {"runtime": 93}}