{"val_loss_fit": NaN, "_timestamp": 1685475507.4048882, "_runtime": 926.0044212341309, "_step": 74, "_wandb": {"runtime": 924}}