{"val_loss_fit": 0.119, "_timestamp": 1685469042.678538, "_runtime": 184.47633600234985, "_step": 74, "_wandb": {"runtime": 183}}