{"val_loss_fit": 1.13, "_timestamp": 1686238667.718837, "_runtime": 15.602311134338379, "_step": 0, "_wandb": {"runtime": 15}}