{"val_loss_fit": 0.12, "_timestamp": 1685467749.218766, "_runtime": 146.96801805496216, "_step": 74, "_wandb": {"runtime": 145}}