{"val_loss_fit": NaN, "_timestamp": 1685472721.034029, "_runtime": 96.34708499908447, "_step": 74, "_wandb": {"runtime": 94}}