{"val_loss_fit": 0.199, "_timestamp": 1685463766.189358, "_runtime": 171.16445803642273, "_step": 74, "_wandb": {"runtime": 170}}