{"val_loss_fit": 0.129, "_timestamp": 1685464651.054506, "_runtime": 149.14906811714172, "_step": 74, "_wandb": {"runtime": 147}}