{"val_loss_fit": 0.119, "_timestamp": 1685468061.6036532, "_runtime": 158.66590929031372, "_step": 74, "_wandb": {"runtime": 157}}