{"val_loss_fit": NaN, "_timestamp": 1685470896.361421, "_runtime": 137.00340008735657, "_step": 74, "_wandb": {"runtime": 135}}