{"val_loss_fit": 0.13, "_timestamp": 1685547132.876887, "_runtime": 141.6447651386261, "_step": 74, "_wandb": {"runtime": 140}}