{"val_loss_fit": 0.12, "_timestamp": 1685469720.965259, "_runtime": 181.99665117263794, "_step": 74, "_wandb": {"runtime": 180}}