{"val_loss_fit": 0.13, "_timestamp": 1685464071.694644, "_runtime": 139.84113597869873, "_step": 74, "_wandb": {"runtime": 139}}