{"val_loss_fit": 0.734, "_timestamp": 1685463802.839336, "_runtime": 17.778018951416016, "_step": 6, "_wandb": {"runtime": 17}}