{"val_loss_fit": NaN, "_timestamp": 1685473249.6794538, "_runtime": 95.74788284301758, "_step": 74, "_wandb": {"runtime": 94}}