{"val_loss_fit": 0.134, "_timestamp": 1685466350.165206, "_runtime": 138.18158507347107, "_step": 74, "_wandb": {"runtime": 136}}