{"val_loss_fit": 0.134, "_timestamp": 1685444516.078319, "_runtime": 134.09915709495544, "_step": 74, "_wandb": {"runtime": 132}}