{"val_loss_fit": 0.134, "_timestamp": 1685445612.141438, "_runtime": 167.86733102798462, "_step": 74, "_wandb": {"runtime": 172}}