{"val_loss_fit": NaN, "_timestamp": 1685470162.127114, "_runtime": 143.34581398963928, "_step": 74, "_wandb": {"runtime": 141}}