{"val_loss_fit": 0.131, "_timestamp": 1685466488.650461, "_runtime": 132.49012684822083, "_step": 74, "_wandb": {"runtime": 131}}