{"val_loss_fit": 0.129, "_timestamp": 1685466206.309149, "_runtime": 146.03586101531982, "_step": 74, "_wandb": {"runtime": 144}}