{"val_loss_fit": 0.13, "_timestamp": 1685443797.310069, "_runtime": 141.33242511749268, "_step": 74, "_wandb": {"runtime": 139}}