{"val_loss_fit": NaN, "_timestamp": 1685472262.230963, "_runtime": 101.35848808288574, "_step": 74, "_wandb": {"runtime": 100}}