{"val_loss_fit": NaN, "_timestamp": 1685473147.257808, "_runtime": 105.95111107826233, "_step": 74, "_wandb": {"runtime": 104}}