{"val_loss_fit": 0.119, "_timestamp": 1685468700.234821, "_runtime": 139.94720602035522, "_step": 74, "_wandb": {"runtime": 138}}