{"val_loss_fit": NaN, "_timestamp": 1685471625.759273, "_runtime": 134.16206216812134, "_step": 74, "_wandb": {"runtime": 132}}