{"val_loss_fit": 0.134, "_timestamp": 1685465041.9340749, "_runtime": 130.61153197288513, "_step": 74, "_wandb": {"runtime": 129}}