{"val_loss_fit": 0.445, "_timestamp": 1685440447.62221, "_runtime": 232.47860503196716, "_step": 113, "_wandb": {"runtime": 232}}