{"val_loss_fit": 0.129, "_timestamp": 1685443946.31009, "_runtime": 142.9224181175232, "_step": 74, "_wandb": {"runtime": 141}}