{"val_loss_fit": 0.119, "_timestamp": 1685467595.120262, "_runtime": 159.78045392036438, "_step": 74, "_wandb": {"runtime": 158}}