{"val_loss_fit": NaN, "_timestamp": 1685471349.392168, "_runtime": 137.8853919506073, "_step": 74, "_wandb": {"runtime": 136}}