{"val_loss_fit": NaN, "_timestamp": 1685471911.2733262, "_runtime": 144.51954126358032, "_step": 74, "_wandb": {"runtime": 143}}