{"val_loss_fit": 0.129, "_timestamp": 1685444375.873769, "_runtime": 139.1731481552124, "_step": 74, "_wandb": {"runtime": 137}}