{"val_loss_fit": 0.13, "_timestamp": 1685442225.942983, "_runtime": 147.89376592636108, "_step": 74, "_wandb": {"runtime": 147}}