{"val_loss_fit": NaN, "_timestamp": 1685471760.559752, "_runtime": 128.41890597343445, "_step": 74, "_wandb": {"runtime": 126}}