{"val_loss_fit": 0.12, "_timestamp": 1685469386.9552698, "_runtime": 186.94492077827454, "_step": 74, "_wandb": {"runtime": 185}}