{"val_loss_fit": 0.131, "_timestamp": 1685444656.550092, "_runtime": 135.27029609680176, "_step": 74, "_wandb": {"runtime": 133}}