{"val_loss_fit": 0.12, "_timestamp": 1685467896.57955, "_runtime": 142.10439705848694, "_step": 74, "_wandb": {"runtime": 140}}