{"val_loss_fit": 0.131, "_timestamp": 1685445139.720363, "_runtime": 183.06061601638794, "_step": 74, "_wandb": {"runtime": 181}}