{"val_loss_fit": 0.134, "_timestamp": 1685444084.844794, "_runtime": 133.7212619781494, "_step": 74, "_wandb": {"runtime": 132}}