{"val_loss_fit": NaN, "_timestamp": 1685472618.379487, "_runtime": 99.84012198448181, "_step": 74, "_wandb": {"runtime": 98}}