{"val_loss_fit": NaN, "_timestamp": 1685473455.314084, "_runtime": 102.12111711502075, "_step": 74, "_wandb": {"runtime": 100}}