{"val_loss_fit": 0.128, "_timestamp": 1685466640.876056, "_runtime": 146.25593304634094, "_step": 74, "_wandb": {"runtime": 144}}