{"val_loss_fit": NaN, "_timestamp": 1685470752.93002, "_runtime": 145.1678650379181, "_step": 74, "_wandb": {"runtime": 143}}