{"val_loss_fit": NaN, "_timestamp": 1685470447.4865222, "_runtime": 129.75164008140564, "_step": 74, "_wandb": {"runtime": 128}}