{"val_loss_fit": 0.133, "_timestamp": 1685465322.6745589, "_runtime": 124.35227179527283, "_step": 74, "_wandb": {"runtime": 122}}