{"val_loss_fit": NaN, "_timestamp": 1685474573.515436, "_runtime": 97.74333691596985, "_step": 74, "_wandb": {"runtime": 96}}