{"val_loss_fit": 0.273, "_timestamp": 1685463802.298028, "_runtime": 74.95524311065674, "_step": 53, "_wandb": {"runtime": 74}}