{"val_loss_fit": 0.119, "_timestamp": 1685468391.884775, "_runtime": 159.13594102859497, "_step": 74, "_wandb": {"runtime": 157}}