{"val_loss_fit": 0.13, "_timestamp": 1685546412.0445461, "_runtime": 148.10693407058716, "_step": 74, "_wandb": {"runtime": 147}}