{"val_loss_fit": NaN, "_timestamp": 1685472056.268563, "_runtime": 138.48553895950317, "_step": 74, "_wandb": {"runtime": 137}}