{"val_loss_fit": 0.128, "_timestamp": 1685444808.438519, "_runtime": 146.0232219696045, "_step": 74, "_wandb": {"runtime": 144}}