{"val_loss_fit": 37649356.0, "_timestamp": 1685463801.7779782, "_runtime": 218.81419825553894, "_step": 30, "_wandb": {"runtime": 220}}