{"val_loss_fit": 0.134, "_timestamp": 1685443219.108354, "_runtime": 130.1195330619812, "_step": 74, "_wandb": {"runtime": 128}}