{"val_loss_fit": 0.13, "_timestamp": 1685443081.704295, "_runtime": 145.02673292160034, "_step": 74, "_wandb": {"runtime": 144}}