{"val_loss_fit": NaN, "_timestamp": 1685470599.412479, "_runtime": 143.494313955307, "_step": 74, "_wandb": {"runtime": 142}}