{"val_loss_fit": NaN, "_timestamp": 1685472829.702544, "_runtime": 103.52903890609741, "_step": 74, "_wandb": {"runtime": 102}}