{"val_loss_fit": 0.414, "_timestamp": 1685463663.5292192, "_runtime": 83.02765107154846, "_step": 74, "_wandb": {"runtime": 82}}