{"val_loss_fit": NaN, "_timestamp": 1685473034.035617, "_runtime": 95.26169514656067, "_step": 74, "_wandb": {"runtime": 93}}