{"val_loss_fit": 0.134, "_timestamp": 1685444950.283977, "_runtime": 135.4784390926361, "_step": 74, "_wandb": {"runtime": 134}}