{"val_loss_fit": NaN, "_timestamp": 1685472156.469682, "_runtime": 93.12741804122925, "_step": 74, "_wandb": {"runtime": 91}}