{"val_loss_fit": NaN, "_timestamp": 1685472931.752411, "_runtime": 95.14759087562561, "_step": 74, "_wandb": {"runtime": 93}}