{"val_loss_fit": NaN, "_timestamp": 1685474468.0833678, "_runtime": 1004.7944157123566, "_step": 74, "_wandb": {"runtime": 1003}}