{"val_loss_fit": 0.12, "_timestamp": 1685452821.819479, "_runtime": 7142.293967962265, "_step": 74, "_wandb": {"runtime": 7141}}