{"val_loss_fit": NaN, "_timestamp": 1685473346.9786859, "_runtime": 90.60985279083252, "_step": 74, "_wandb": {"runtime": 89}}