{"val_loss_fit": 0.119, "_timestamp": 1685469532.34533, "_runtime": 138.6125659942627, "_step": 74, "_wandb": {"runtime": 137}}