{"val_loss_fit": 0.12, "_timestamp": 1685467428.499309, "_runtime": 167.51918697357178, "_step": 74, "_wandb": {"runtime": 166}}