{"val_loss_fit": 0.13, "_timestamp": 1685441946.7889972, "_runtime": 145.99782514572144, "_step": 74, "_wandb": {"runtime": 145}}