{"val_loss_fit": NaN, "_timestamp": 1685471205.359526, "_runtime": 149.8454008102417, "_step": 74, "_wandb": {"runtime": 148}}