{"val_loss_fit": 0.278, "_timestamp": 1685442307.384258, "_runtime": 75.14757299423218, "_step": 34, "_wandb": {"runtime": 74}}