{"val_loss_fit": 74788248.0, "_timestamp": 1685463786.3166678, "_runtime": 191.2615246772766, "_step": 4, "_wandb": {"runtime": 207}}