{"val_loss_fit": NaN, "_timestamp": 1685471483.916536, "_runtime": 127.97720909118652, "_step": 74, "_wandb": {"runtime": 126}}