{"val_loss_fit": 0.129, "_timestamp": 1685547283.78546, "_runtime": 144.70403695106506, "_step": 74, "_wandb": {"runtime": 143}}