{"val_loss_fit": 0.129, "_timestamp": 1685464360.796652, "_runtime": 143.937646150589, "_step": 74, "_wandb": {"runtime": 142}}