{"val_loss_fit": 0.129, "_timestamp": 1685546696.1280708, "_runtime": 143.66311693191528, "_step": 74, "_wandb": {"runtime": 142}}