{"val_loss_fit": 0.419, "_timestamp": 1685463688.346047, "_runtime": 108.53914403915405, "_step": 74, "_wandb": {"runtime": 108}}