{"val_loss_fit": 0.342, "_timestamp": 1685463800.4553962, "_runtime": 205.4560830593109, "_step": 33, "_wandb": {"runtime": 208}}