{"val_loss_fit": 0.129, "_timestamp": 1685443649.553579, "_runtime": 143.0286421775818, "_step": 74, "_wandb": {"runtime": 141}}