{"val_loss_fit": 0.129, "_timestamp": 1685465467.679359, "_runtime": 139.80439805984497, "_step": 74, "_wandb": {"runtime": 138}}