{"val_loss_fit": 0.133, "_timestamp": 1685464496.3947608, "_runtime": 129.89535188674927, "_step": 74, "_wandb": {"runtime": 128}}