{"val_loss_fit": 0.12, "_timestamp": 1685468547.361511, "_runtime": 149.69652009010315, "_step": 74, "_wandb": {"runtime": 148}}