{"val_loss_fit": 0.139, "_timestamp": 1685441146.768252, "_runtime": 106.02343797683716, "_step": 51, "_wandb": {"runtime": 106}}