{"val_loss_fit": 0.129, "_timestamp": 1685465762.569678, "_runtime": 143.4442811012268, "_step": 74, "_wandb": {"runtime": 142}}