{"val_loss_fit": 0.134, "_timestamp": 1685547424.26508, "_runtime": 133.58841395378113, "_step": 74, "_wandb": {"runtime": 132}}