{"val_loss_fit": 0.133, "_timestamp": 1685546831.724463, "_runtime": 127.93191289901733, "_step": 74, "_wandb": {"runtime": 126}}