{"val_loss_fit": 0.416, "_timestamp": 1685463803.6013691, "_runtime": 60.896143198013306, "_step": 73, "_wandb": {"runtime": 59}}